{
    "device_type": "D435i",
    "imus": [
        {
            "accelerometer": {
                "bias": [
                    0.22457508228411727,
                    0.15641399409937554,
                    0.28633360045216516
                ],
                "scale_and_alignment": [
                    1.0107697493670438,
                    0.03607275897458188,
                    -0.00835014968729747,
                    0.0004925389468681818,
                    1.0187113102990857,
                    -0.00872837958407896,
                    -0.0064637382867487655,
                    0.012413880188555937,
                    1.0195959566982593
                ]
            },
            "gyroscope": {
                "bias": [
                    0.0005220600693564046,
                    6.869211423466503e-05,
                    -0.002073402776059129
                ],
                "scale_and_alignment": [
                    1.0,
                    0.0,
                    0.0,
                    0.0,
                    1.0,
                    0.0,
                    0.0,
                    0.0,
                    1.0
                ]
            }
        }
    ]
}